name,value
k,1.0
Y_bar,0.94025
gamma,0.16101561237928397
CY_bar,0.838984387620716
r,0.4562215934340784
p0,0.9627122818016041
